Template URL,Name,Price,Creator
../../sharpy/,Sharpy,Free,FramerBite
../../kings-portfolio/,Kingsportfolio,Free,Hamza Abdul
../../newslettr/,Newslettr,Free,Julien Vier
../../darko/,Darko,Free,Cristian Mielu
../../meteora/,Meteora,Free,Goran Babarogic
../../feedo/,Feedo,Free,Cristian Mielu
../../glove/,Glove,Free,Patryk Moskot
../../product-hub/,ProductHub,Free,Danny Sapio
../../course-hub/,CourseHub,Free,Danny Sapio
../../propellent/,Propellent,Free,Andrea Montini
../../john-personal-portfolio-template/,JOHN,Free,Ludovic Losco
../../helium/,Helium,Free,Flingor
../../first-inline/,FirstInLine,Free,Anisa Dwi Oktariani
../../sÃ¶ren/,SÃ¶ren,Free,Marc Andrew
../../roco/,Roco,Free,Cristian Mielu
../../kombo/,Kombo,Free,Cristian Mielu
../../restary/,Restary,Free,Luka Krcmar
../../textfolio/,Textfolio,Free,Nabeel Jawahir
../../spawn/,Spawn,Free,Bunny Hop Creatives
../../portfolioux/,PortfolioUX,Free,Marcin
../../lift-with-jake-fitness-crossfit-template/,LiftwithJake,Free,Jakub Hupka
../../unnees-agency-personal-portfolio-website-template/,Unnees,Free,Tanjim Islam
../../framer-battles-event-template/,FramerBattles,Free,Carlos Geronimo
../../flora-photography-portfolio/,Flora,Free,Thaer Swailem
../../plumfer/,Plumfer,Free,Bijay Yadav
../../haylie/,Haylie,Free,Goran Babarogic
../../bentolio-template/,Bentolio,Free,Vinay Juneja
../../vitrine-minimal-portfolio-template/,VITRINE,Free,Ludovic Losco
../../radius-ui-documentation-template/,RadiusUI,Free,Ketan Pandey
../../earthcup/,EarthCup,Free,Ege
../../calmhome/,Calmhome,Free,Chi Boyce
../../zoon/,Zoon,Free,Spiced
../../drake-personal-portfolio-framer-template/,Drake,Free,ThemeSpace
../../kong/,Kong,Free,Cristian Mielu
../../portoku/,Portoku,Free,Angga Risky Setiawan
../../glassy-waitlist-template/,Glassy,Free,Laurens van Vliet
../../delta/,Delta,Free,stfn
../../bookease/,Bookease,Free,Cristian Mielu
../../panorama-real-estate-landing-page-template/,Panorama,Free,Gizem Onan
../../lookfolio/,LookFolio,Free,Cristian Mielu
../../lucidity/,Lucidity,Free,Erik Cruz
../../coco/,Coco,Free,Ahmed Mohammed Almadhoun
../../architek/,Architek,Free,Cristian Mielu
../../launchpad/,Launchpad,Free,marin
../../focus-portfolio-template/,Focus,Free,Fehmi ÃzÃ¼seven
../../celestials/,Celestials,Free,Martin Hoffelder
../../tempfolio/,Tempfolio,Free,Matt Ahrens
../../ainbox-marketing-landing-page/,AInbox,Free,Fehmi ÃzÃ¼seven
../../moneywise/,MoneyWise,Free,Sohil Jain
../../sophie/,Sophie,Free,Lukas Troup
../../archer-grid-portfolio-website-template/,Archer,Free,Royden So
../../athos/,Athos,Free,Goran Babarogic
../../waitlyst/,Waitlyst,Free,Samar Jamil
../../grayscale/,GrayScale,Free,RIIC â
../../basree/,Basree ,Free,Pratama Hasriyan
../../exposure/,Exposure,Free,Punktual
../../evoconference/,Evoconference,Free,Andrea Montini
../../adab/,Adab,Free,Mohammad Shakeb
../../notor/,Notor,Free,Julien Vier
../../shifter/,Shifter,Free,FramerBite
../../eon/,Eon,Free,MK-106
../../blog/,Blog,Free,Benjamin den Boer
../../norwood/,Norwood,Free,Royden So
../../v5/,V5,Free,vijay verma
../../bolder/,Bolder,Free,Tamer Magdy
../../radiant/,Radiant,Free,Artyum Grebenyuk
../../character/,Character,Free,Gaddafi Rusli
../../massimo/,Massimo,Free,Rodrigo Chiesa
../../waybloom/,Waybloom,Free,ZAAD
../../hirelane/,Hirelane,Free,Boma Josiah
../../folioz-personal-portfolio-template/,Folioz,Free,Samar Jamil
../../compass/,Compass,Free,Braydon Coyer
../../bend/,Bend,Free,Lucas Gusso
../../adana/,Adana,Free,Levent Usta
../../portfolio-website/,Portfolio,Free,Floris Verloop
../../artfolio/,Artfolio,Free,Vaibhav Khulbe
../../horizontal/,Horizontal,Free,Justin Farrugia
../../solveig/,Solveig,Free,Pawel Gola
../../oslo/,Oslo ,Free,Dawid Pietrasiak
../../bruno/,Bruno,Free,Blue Base
../../mono/,Mono,Free,Huseyin Emanet
../../dusk/,Dusk,Free,Mateusz Nieckarz
../../dana-portfolio/,Dana Portfolio,Free,Monika Michalczyk
../../vibrant/,Vibrant,Free,Chris Krupa
../../responsive-website-templates/,Boost,Free,Framer
../../designer-portfolio-3/,Designer Portfolio,Free,Chris Krupa
../../nanocard/,Nanocard,Free,Chris Krupa
../../gumroad-website/,Gumroad,Free,Benjamin den Boer
../../note/,Note,Free,Jonny Belton
../../anomaly/,Anomaly,Free,CÃ©dric Moore
../../personal-blog-website/,Personal Blog,Free,Benjamin den Boer
../../wiki-website/,Wiki,Free,Framer
../../photography-website/,Aperture - Photography,Free,Benjamin den Boer
../../changelog-website/,Changelog,Free,Framer
../../linktree-alternative-website/,Linktree Alternative,Free,Jurre Houtkamp
../../landing-page/,Landing Page,Free,Floris Verloop
../../podcast-website/,Podcast,Free,Jurre Houtkamp
../../saas-website/,SaaS,Free,Framer
../../super-normal/,Supernormal,Free,Jonny Belton
../../minimal-photography/,Minimal Photography,Free,Monika Michalczyk
../../focal-photography-website/,Focal - Photography,Free,Framer
../../podcast-page-website/,Podcast Page,Free,Framer
../../agency-case-study-website/,Agency Case Study,Free,Framer
../../simple-portfolio-website/,Simple Portfolio,Free,Framer
../../app-landing-page-website/,App Landing Page,Free,Framer
../../prototype-pages/,Prototype Pages,Free,Framer
../../prototype/,Prototype Showcase,Free,Framer
../../design-documentation-website/,Design Documentation,Free,Framer
../../simple-resume/,Simple ResumÃ©,Free,Sankalp Sinha
../../resume-website/,Resume,Free,Jurre Houtkamp
../../video-landing-page-website/,Aperture,Free,Framer
../../splash-page-website/,Splash Page,Free,Framer
../../coming-soon-website/,Coming Soon,Free,Framer
